# log10(M500c), mean(fb), stddev(fb)
12.5000,0.065049,0.047062
12.7000,0.057269,0.037541
12.9000,0.074855,0.030067
13.1000,0.064282,0.024109
13.3000,0.074480,0.019263
13.5000,0.076412,0.015295
13.7000,0.075527,0.012206
13.9000,0.081786,0.010382
14.1000,0.085016,0.010540
14.3000,0.093748,0.012922
14.5000,0.101119,0.017036
14.7000,0.114611,0.022412
14.9000,0.126146,0.028844
15.1000,0.153360,0.036267
15.3000,0.156969,0.044683
15.5000,0.188527,0.054094
